pathway,word
Data Infrastructures and Environments - Institutional,software
Data Infrastructures and Environments - Institutional,code
Data Infrastructures and Environments - Institutional,source
Data Infrastructures and Environments - Institutional,recommendations
Data Infrastructures and Environments - Institutional,sensitive
Data Infrastructures and Environments - Institutional,community
Data Infrastructures and Environments - Institutional,citation
Data Infrastructures and Environments - Institutional,earth
Data Infrastructures and Environments - Institutional,eses
Data Infrastructures and Environments - Institutional,identification
Data Infrastructures and Environments - International,software
Data Infrastructures and Environments - International,community
Data Infrastructures and Environments - International,samples
Data Infrastructures and Environments - International,commons
Data Infrastructures and Environments - International,pid
Data Infrastructures and Environments - International,fair
Data Infrastructures and Environments - International,code
Data Infrastructures and Environments - International,discovery
Data Infrastructures and Environments - International,repositories
Data Infrastructures and Environments - International,source
Data Infrastructures and Environments - Regional or Disciplinary,fair
Data Infrastructures and Environments - Regional or Disciplinary,samples
Data Infrastructures and Environments - Regional or Disciplinary,vres
Data Infrastructures and Environments - Regional or Disciplinary,physical
Data Infrastructures and Environments - Regional or Disciplinary,code
Data Infrastructures and Environments - Regional or Disciplinary,eses
Data Infrastructures and Environments - Regional or Disciplinary,repositories
Data Infrastructures and Environments - Regional or Disciplinary,task
Data Infrastructures and Environments - Regional or Disciplinary,discovery
Data Infrastructures and Environments - Regional or Disciplinary,ai
"Data Lifecycles - Versioning, Provenance, Citation, and Reward",versioning
"Data Lifecycles - Versioning, Provenance, Citation, and Reward",samples
"Data Lifecycles - Versioning, Provenance, Citation, and Reward",sharc
"Data Lifecycles - Versioning, Provenance, Citation, and Reward",recommendations
"Data Lifecycles - Versioning, Provenance, Citation, and Reward",activities
"Data Lifecycles - Versioning, Provenance, Citation, and Reward",discovery
"Data Lifecycles - Versioning, Provenance, Citation, and Reward",community
"Data Lifecycles - Versioning, Provenance, Citation, and Reward",fair
"Data Lifecycles - Versioning, Provenance, Citation, and Reward",task
"Data Lifecycles - Versioning, Provenance, Citation, and Reward",physical
Discipline Focused Data Issues,community
Discipline Focused Data Issues,engagement
Discipline Focused Data Issues,code
Discipline Focused Data Issues,researchers
Discipline Focused Data Issues,fairsharing
Discipline Focused Data Issues,health
Discipline Focused Data Issues,life
Discipline Focused Data Issues,chemistry
Discipline Focused Data Issues,agricultural
Discipline Focused Data Issues,agriculture
Discipline Focused Data Issues,biodiversity
Discipline Focused Data Issues,biomedical
Discipline Focused Data Issues,chemistry
Discipline Focused Data Issues,data
Discipline Focused Data Issues,disciplinary
Discipline Focused Data Issues,discipline
Discipline Focused Data Issues,earth
Discipline Focused Data Issues,economics
Discipline Focused Data Issues,engineering
Discipline Focused Data Issues,environmental
Discipline Focused Data Issues,genetics
Discipline Focused Data Issues,geosciences
Discipline Focused Data Issues,geospatial
Discipline Focused Data Issues,health
Discipline Focused Data Issues,healthcare
Discipline Focused Data Issues,industrial
Discipline Focused Data Issues,industry
Discipline Focused Data Issues,issue
Discipline Focused Data Issues,issues
Discipline Focused Data Issues,life
Discipline Focused Data Issues,linguistic
Discipline Focused Data Issues,nutrition
Discipline Focused Data Issues,palaeontology
Discipline Focused Data Issues,neuroimaging
Discipline Focused Data Issues,physical
Discipline Focused Data Issues,psychology
Discipline Focused Data Issues,vocabulary
Discipline Focused Data Issues,social
Discipline Focused Data Issues,neuroimaging
Discipline Focused Data Issues,guidance
"FAIR, CARE, TRUST - Adoption, Implementation, and Deployment",fair
"FAIR, CARE, TRUST - Adoption, Implementation, and Deployment",community
"FAIR, CARE, TRUST - Adoption, Implementation, and Deployment",principles
"FAIR, CARE, TRUST - Adoption, Implementation, and Deployment",software
"FAIR, CARE, TRUST - Adoption, Implementation, and Deployment",pid
"FAIR, CARE, TRUST - Adoption, Implementation, and Deployment",code
"FAIR, CARE, TRUST - Adoption, Implementation, and Deployment",development
"FAIR, CARE, TRUST - Adoption, Implementation, and Deployment",training
"FAIR, CARE, TRUST - Adoption, Implementation, and Deployment",blockchain
"FAIR, CARE, TRUST - Adoption, Implementation, and Deployment",vres
"FAIR, CARE, TRUST - Principles",fair
"FAIR, CARE, TRUST - Principles",software
"FAIR, CARE, TRUST - Principles",principles
"FAIR, CARE, TRUST - Principles",code
"FAIR, CARE, TRUST - Principles",source
"FAIR, CARE, TRUST - Principles",vres
"FAIR, CARE, TRUST - Principles",digital
"FAIR, CARE, TRUST - Principles",objects
"FAIR, CARE, TRUST - Principles",health
"FAIR, CARE, TRUST - Principles",scholix
Other,community
Other,sharc
Other,ai
Other,eosc
Other,researchers
Other,dv
Other,policies
Other,fairsharing
Other,communities
Other,engagement
Research Software,software
Research Software,fair
Research Software,code
Research Software,blockchain
Research Software,source
Research Software,schema
Research Software,reproducibility
Research Software,ml
Research Software,discussion
Research Software,force11
"Semantics, Ontology, Standardisation",fair
"Semantics, Ontology, Standardisation",pid
"Semantics, Ontology, Standardisation",health
"Semantics, Ontology, Standardisation",blockchain
"Semantics, Ontology, Standardisation",metadata
"Semantics, Ontology, Standardisation",community
"Semantics, Ontology, Standardisation",strategies
"Semantics, Ontology, Standardisation",chemistry
"Semantics, Ontology, Standardisation",semantic
"Semantics, Ontology, Standardisation",ai
"Training, Stewardship, and Data Management Planning",community
"Training, Stewardship, and Data Management Planning",researchers
"Training, Stewardship, and Data Management Planning",engagement
"Training, Stewardship, and Data Management Planning",training
"Training, Stewardship, and Data Management Planning",stewardship
"Training, Stewardship, and Data Management Planning",career
"Training, Stewardship, and Data Management Planning",quality
"Training, Stewardship, and Data Management Planning",education
"Training, Stewardship, and Data Management Planning",fairsharing
"Training, Stewardship, and Data Management Planning",fair
Data Infrastructures and Environments - Institutional,infrastructure
Data Infrastructures and Environments - Institutional,infrastructures
Data Infrastructures and Environments - Institutional,institutional
Data Infrastructures and Environments - Institutional,platforms
Data Infrastructures and Environments - Institutional,repositories
Data Infrastructures and Environments - Institutional,repository
Data Infrastructures and Environments - International,countries
Data Infrastructures and Environments - International,country
Data Infrastructures and Environments - International,global
Data Infrastructures and Environments - International,infrastructure
Data Infrastructures and Environments - International,infrastructures
Data Infrastructures and Environments - International,international
Data Infrastructures and Environments - International,repository
Data Infrastructures and Environments - Regional or Disciplinary,agricultural
Data Infrastructures and Environments - Regional or Disciplinary,agriculture
Data Infrastructures and Environments - Regional or Disciplinary,biodiversity
Data Infrastructures and Environments - Regional or Disciplinary,biomedical
Data Infrastructures and Environments - Regional or Disciplinary,chemistry
Data Infrastructures and Environments - Regional or Disciplinary,social
Data Infrastructures and Environments - Regional or Disciplinary,economics
Data Infrastructures and Environments - Regional or Disciplinary,engineering
Data Infrastructures and Environments - Regional or Disciplinary,environmental
Data Infrastructures and Environments - Regional or Disciplinary,genetics
Data Infrastructures and Environments - Regional or Disciplinary,geosciences
Data Infrastructures and Environments - Regional or Disciplinary,geospatial
Data Infrastructures and Environments - Regional or Disciplinary,health
Data Infrastructures and Environments - Regional or Disciplinary,healthcare
Data Infrastructures and Environments - Regional or Disciplinary,industrial
Data Infrastructures and Environments - Regional or Disciplinary,industry
Data Infrastructures and Environments - Regional or Disciplinary,infrastructure
Data Infrastructures and Environments - Regional or Disciplinary,infrastructures
Data Infrastructures and Environments - Regional or Disciplinary,linguistic
Data Infrastructures and Environments - Regional or Disciplinary,nutrition
Data Infrastructures and Environments - Regional or Disciplinary,palaeontology
Data Infrastructures and Environments - Regional or Disciplinary,psychology
Data Infrastructures and Environments - Regional or Disciplinary,regional
Data Infrastructures and Environments - Regional or Disciplinary,repository
"Data Lifecycles - Versioning, Provenance, Citation, and Reward",citation
"Data Lifecycles - Versioning, Provenance, Citation, and Reward",citations
"Data Lifecycles - Versioning, Provenance, Citation, and Reward",cycle
"Data Lifecycles - Versioning, Provenance, Citation, and Reward",cycles
"Data Lifecycles - Versioning, Provenance, Citation, and Reward",provenance
"Data Lifecycles - Versioning, Provenance, Citation, and Reward",reward
"Data Lifecycles - Versioning, Provenance, Citation, and Reward",rewards
"Data Lifecycles - Versioning, Provenance, Citation, and Reward",version
"Data Lifecycles - Versioning, Provenance, Citation, and Reward",versions
Discipline Focused Data Issues,agricultural
Discipline Focused Data Issues,agriculture
Discipline Focused Data Issues,biodiversity
Discipline Focused Data Issues,biomedical
Discipline Focused Data Issues,economics
Discipline Focused Data Issues,engineering
Discipline Focused Data Issues,environmental
Discipline Focused Data Issues,genetics
Discipline Focused Data Issues,social
Discipline Focused Data Issues,geosciences
Discipline Focused Data Issues,geospatial
Discipline Focused Data Issues,healthcare
Discipline Focused Data Issues,industrial
Discipline Focused Data Issues,industry
Discipline Focused Data Issues,linguistic
Discipline Focused Data Issues,nutrition
Discipline Focused Data Issues,palaeontology
Discipline Focused Data Issues,physical
Discipline Focused Data Issues,psychology
"FAIR, CARE, TRUST - Adoption, Implementation, and Deployment",accessibility
"FAIR, CARE, TRUST - Adoption, Implementation, and Deployment",care
"FAIR, CARE, TRUST - Adoption, Implementation, and Deployment",coretrustseal
"FAIR, CARE, TRUST - Adoption, Implementation, and Deployment",deployment
"FAIR, CARE, TRUST - Adoption, Implementation, and Deployment",findability
"FAIR, CARE, TRUST - Adoption, Implementation, and Deployment",implementation
"FAIR, CARE, TRUST - Adoption, Implementation, and Deployment",implementations
"FAIR, CARE, TRUST - Adoption, Implementation, and Deployment",indegenous
"FAIR, CARE, TRUST - Adoption, Implementation, and Deployment",interoperability
"FAIR, CARE, TRUST - Adoption, Implementation, and Deployment",policies
"FAIR, CARE, TRUST - Adoption, Implementation, and Deployment",policy
"FAIR, CARE, TRUST - Adoption, Implementation, and Deployment",preservation
"FAIR, CARE, TRUST - Adoption, Implementation, and Deployment",repositories
"FAIR, CARE, TRUST - Adoption, Implementation, and Deployment",repository
"FAIR, CARE, TRUST - Adoption, Implementation, and Deployment",reusability
"FAIR, CARE, TRUST - Adoption, Implementation, and Deployment",storage
"FAIR, CARE, TRUST - Principles",accessibility
"FAIR, CARE, TRUST - Principles",accessible
"FAIR, CARE, TRUST - Principles",adoption
"FAIR, CARE, TRUST - Principles",coretrustseal
"FAIR, CARE, TRUST - Principles",findability
"FAIR, CARE, TRUST - Principles",findable
"FAIR, CARE, TRUST - Principles",indigenous
"FAIR, CARE, TRUST - Principles",interoperability
"FAIR, CARE, TRUST - Principles",interoperable
"FAIR, CARE, TRUST - Principles",preservation
"FAIR, CARE, TRUST - Principles",principle
"FAIR, CARE, TRUST - Principles",repositories
"FAIR, CARE, TRUST - Principles",reusability
"FAIR, CARE, TRUST - Principles",reusable
"FAIR, CARE, TRUST - Principles",storage
"FAIR, CARE, TRUST - Principles",care
Other,NA
Research Software,digital
Research Software,rs
"Semantics, Ontology, Standardisation",ontologies
"Semantics, Ontology, Standardisation",ontology
"Semantics, Ontology, Standardisation",semantics
"Semantics, Ontology, Standardisation",standardisation
"Semantics, Ontology, Standardisation",standards
"Training, Stewardship, and Data Management Planning",admp
"Training, Stewardship, and Data Management Planning",dmp
"Training, Stewardship, and Data Management Planning",dmps
"Training, Stewardship, and Data Management Planning",learning
"Training, Stewardship, and Data Management Planning",rdm
"Training, Stewardship, and Data Management Planning",school
"Training, Stewardship, and Data Management Planning",skills
"Training, Stewardship, and Data Management Planning",steward
"Training, Stewardship, and Data Management Planning",train
