Pathway,Group
"FAIR, CARE, TRUST - Principles",Blockchain Applications in Health WG
"FAIR, CARE, TRUST - Principles",CURE-FAIR WG
"FAIR, CARE, TRUST - Principles",FAIR Data Maturity Model WG
"FAIR, CARE, TRUST - Principles",FAIR Digital Object Fabric IG
"FAIR, CARE, TRUST - Principles",FAIR for Research Software (FAIR4RS) WG
"FAIR, CARE, TRUST - Principles",FAIR for Virtual Research Environments WG
"FAIR, CARE, TRUST - Principles",FAIR Principles for Research Hardware
"FAIR, CARE, TRUST - Principles",International Indigenous Data Sovereignty IG
"FAIR, CARE, TRUST - Principles",PID IG
"FAIR, CARE, TRUST - Principles",Raising FAIRness in health data and health research performing organisations (HRPOs) WG
"FAIR, CARE, TRUST - Principles",RDA COVID-19
"FAIR, CARE, TRUST - Principles",RDA Privacy Implications of Research Data Sets IG
"FAIR, CARE, TRUST - Principles",RDA/WDS Certification of Digital Repositories IG
"FAIR, CARE, TRUST - Principles",Reproducible Health Data Services WG
"FAIR, CARE, TRUST - Principles",Social Science Research Data IG
"FAIR, CARE, TRUST - Principles",Software Source Code IG
"FAIR, CARE, TRUST - Principles",Virtual Research Environment IG (VRE-IG)
"FAIR, CARE, TRUST - Adoption, Implementation, and Deployment",Blockchain Applications in Health WG
"FAIR, CARE, TRUST - Adoption, Implementation, and Deployment",Brokering Framework Working Group
"FAIR, CARE, TRUST - Adoption, Implementation, and Deployment",CURE-FAIR WG
"FAIR, CARE, TRUST - Adoption, Implementation, and Deployment",Data Conservation IG
"FAIR, CARE, TRUST - Adoption, Implementation, and Deployment",Data for Development IG
"FAIR, CARE, TRUST - Adoption, Implementation, and Deployment",Data Granularity WG
"FAIR, CARE, TRUST - Adoption, Implementation, and Deployment",Data policy standardisation and implementation IG
"FAIR, CARE, TRUST - Adoption, Implementation, and Deployment",Education and Training on Handling of Research Data IG
"FAIR, CARE, TRUST - Adoption, Implementation, and Deployment",FAIR Data Maturity Model WG
"FAIR, CARE, TRUST - Adoption, Implementation, and Deployment",FAIR Digital Object Fabric IG
"FAIR, CARE, TRUST - Adoption, Implementation, and Deployment",FAIR for Research Software (FAIR4RS) WG
"FAIR, CARE, TRUST - Adoption, Implementation, and Deployment",FAIR for Virtual Research Environments WG
"FAIR, CARE, TRUST - Adoption, Implementation, and Deployment",FAIR Principles for Research Hardware
"FAIR, CARE, TRUST - Adoption, Implementation, and Deployment","FAIRsharing Registry: Connecting data policies, standards and databases RDA WG"
"FAIR, CARE, TRUST - Adoption, Implementation, and Deployment",InteroperAble Descriptions of Observable Property Terminology WG (I-ADOPT WG)
"FAIR, CARE, TRUST - Adoption, Implementation, and Deployment",Libraries for Research Data IG
"FAIR, CARE, TRUST - Adoption, Implementation, and Deployment",Life Science Data Infrastructures IG
"FAIR, CARE, TRUST - Adoption, Implementation, and Deployment",National PID Strategies WG
"FAIR, CARE, TRUST - Adoption, Implementation, and Deployment",PID IG
"FAIR, CARE, TRUST - Adoption, Implementation, and Deployment","Preservation Tools, Techniques, and Policies"
"FAIR, CARE, TRUST - Adoption, Implementation, and Deployment",Preserving Scientific Annotation WG
"FAIR, CARE, TRUST - Adoption, Implementation, and Deployment",Professionalising Data Stewardship IG
"FAIR, CARE, TRUST - Adoption, Implementation, and Deployment",Raising FAIRness in health data and health research performing organisations (HRPOs) WG
"FAIR, CARE, TRUST - Adoption, Implementation, and Deployment",RDA COVID19-Legal-Ethical
"FAIR, CARE, TRUST - Adoption, Implementation, and Deployment",RDA/CODATA Legal Interoperability IG
"FAIR, CARE, TRUST - Adoption, Implementation, and Deployment",RDA/WDS Certification of Digital Repositories IG
"FAIR, CARE, TRUST - Adoption, Implementation, and Deployment",RDA-COVID19-Software
"FAIR, CARE, TRUST - Adoption, Implementation, and Deployment",RDA for the Sustainable Development Goals IG
"FAIR, CARE, TRUST - Adoption, Implementation, and Deployment",Reproducible Health Data Services WG
"FAIR, CARE, TRUST - Adoption, Implementation, and Deployment",Research Metadata Schemas WG
"FAIR, CARE, TRUST - Adoption, Implementation, and Deployment",Skills and training curriculums to support FAIR research software IG
"FAIR, CARE, TRUST - Adoption, Implementation, and Deployment",Social Dynamics of Data Interoperability IG
"FAIR, CARE, TRUST - Adoption, Implementation, and Deployment",Virtual Research Environment IG (VRE-IG)
Data Infrastructures and Environments - International,Artificial Intelligence and Data Visitation (AIDV) WG
Data Infrastructures and Environments - International,Brokering Framework Working Group
Data Infrastructures and Environments - International,Data Discovery Paradigms IG
Data Infrastructures and Environments - International,Data for Development IG
Data Infrastructures and Environments - International,Data Granularity WG
Data Infrastructures and Environments - International,Data Repository Attributes WG
Data Infrastructures and Environments - International,Data Usage Metrics WG
Data Infrastructures and Environments - International,Domain Repositories IG
Data Infrastructures and Environments - International,"Earth, Space, and Environmental Science Complex Citations Working Group"
Data Infrastructures and Environments - International,"ESIP/RDA Earth, Space, and Environmental Sciences IG"
Data Infrastructures and Environments - International,FAIR Digital Object Fabric IG
Data Infrastructures and Environments - International,"FAIRsharing Registry: Connecting data policies, standards and databases RDA WG"
Data Infrastructures and Environments - International,Global Open Research Commons IG
Data Infrastructures and Environments - International,GORC International Model WG
Data Infrastructures and Environments - International,Infrastructure & Interoperability IG
Data Infrastructures and Environments - International,InteroperAble Descriptions of Observable Property Terminology WG (I-ADOPT WG)
Data Infrastructures and Environments - International,Life Science Data Infrastructures IG
Data Infrastructures and Environments - International,National PID Strategies WG
Data Infrastructures and Environments - International,Physical Samples and Collections in the Research Data Ecosystem IG
Data Infrastructures and Environments - International,PID IG
Data Infrastructures and Environments - International,"Preservation Tools, Techniques, and Policies"
Data Infrastructures and Environments - International,Preserving Scientific Annotation WG
Data Infrastructures and Environments - International,RDA Privacy Implications of Research Data Sets IG
Data Infrastructures and Environments - International,RDA/WDS Certification of Digital Repositories IG
Data Infrastructures and Environments - International,Repository Platforms for Research Data IG
Data Infrastructures and Environments - International,Research data needs of the Photon and Neutron Science community IG
Data Infrastructures and Environments - International,Social Dynamics of Data Interoperability IG
Data Infrastructures and Environments - International,Social Science Research Data IG
Data Infrastructures and Environments - International,Software Source Code IG
Data Infrastructures and Environments - International,Virtual Research Environment IG (VRE-IG)
Data Infrastructures and Environments - International,Working Group on Ethical and Legal best practices for Drone Data in a global research context (WELDD)
Data Infrastructures and Environments - Institutional,Data Citation WG
Data Infrastructures and Environments - Institutional,Domain Repositories IG
Data Infrastructures and Environments - Institutional,"Earth, Space, and Environmental Science Complex Citations Working Group"
Data Infrastructures and Environments - Institutional,"ESIP/RDA Earth, Space, and Environmental Sciences IG"
Data Infrastructures and Environments - Institutional,"Preservation Tools, Techniques, and Policies"
Data Infrastructures and Environments - Institutional,Repository Platforms for Research Data IG
Data Infrastructures and Environments - Institutional,Research Data Architectures in Research Institutions IG
Data Infrastructures and Environments - Institutional,Research data needs of the Photon and Neutron Science community IG
Data Infrastructures and Environments - Institutional,Sensitive Data Interest Group
Data Infrastructures and Environments - Institutional,Skills and training curriculums to support FAIR research software IG
Data Infrastructures and Environments - Institutional,Software Source Code IG
Data Infrastructures and Environments - Regional or Disciplinary,Artificial Intelligence and Data Visitation (AIDV) WG
Data Infrastructures and Environments - Regional or Disciplinary,Chemistry Research Data IG
Data Infrastructures and Environments - Regional or Disciplinary,Data Discovery Paradigms IG
Data Infrastructures and Environments - Regional or Disciplinary,"ESIP/RDA Earth, Space, and Environmental Sciences IG"
Data Infrastructures and Environments - Regional or Disciplinary,FAIR Data Maturity Model WG
Data Infrastructures and Environments - Regional or Disciplinary,FAIR for Virtual Research Environments WG
Data Infrastructures and Environments - Regional or Disciplinary,Life Science Data Infrastructures IG
Data Infrastructures and Environments - Regional or Disciplinary,Physical Samples and Collections in the Research Data Ecosystem IG
Data Infrastructures and Environments - Regional or Disciplinary,Repository Platforms for Research Data IG
Data Infrastructures and Environments - Regional or Disciplinary,Social Science Research Data IG
Data Infrastructures and Environments - Regional or Disciplinary,Agrisemantics WG
Data Infrastructures and Environments - Regional or Disciplinary,Capacity Development for Agriculture Data WG
Data Infrastructures and Environments - Regional or Disciplinary,Geospatial IG
Data Infrastructures and Environments - Regional or Disciplinary,Global Water Information IG
Data Infrastructures and Environments - Regional or Disciplinary,Health Data Interest Group
Data Infrastructures and Environments - Regional or Disciplinary,Psychological Data Community of Practice
Data Infrastructures and Environments - Regional or Disciplinary,RDA COVID-19
Data Infrastructures and Environments - Regional or Disciplinary,RDA COVID-19 Epidemiology
Data Infrastructures and Environments - Regional or Disciplinary,RDA COVID19-Legal-Ethical
Data Infrastructures and Environments - Regional or Disciplinary,RDA/CODATA Summer Schools in Data Science and Cloud Computing in the Developing World WG
Data Infrastructures and Environments - Regional or Disciplinary,RDA/WDS Certification of Digital Repositories IG
Data Infrastructures and Environments - Regional or Disciplinary,RDA-COVID19-Clinical
Data Infrastructures and Environments - Regional or Disciplinary,RDA-COVID19-Community-participation
Data Infrastructures and Environments - Regional or Disciplinary,RDA-COVID19-Omics
Data Infrastructures and Environments - Regional or Disciplinary,RDA-COVID19-Social-Sciences
Data Infrastructures and Environments - Regional or Disciplinary,RDA-COVID19-Software
Data Infrastructures and Environments - Regional or Disciplinary,Reproducible Health Data Services WG
Data Infrastructures and Environments - Regional or Disciplinary,Research Data Management in Engineering IG
Data Infrastructures and Environments - Regional or Disciplinary,Research data needs of the Photon and Neutron Science community IG
Data Infrastructures and Environments - Regional or Disciplinary,Virtual Research Environment IG (VRE-IG)
Data Infrastructures and Environments - Regional or Disciplinary,Working with PIDS in Tools
"Training, Stewardship, and Data Management Planning",Active Data Management Plans IG
"Training, Stewardship, and Data Management Planning",DMP Common Standards WG
"Training, Stewardship, and Data Management Planning",CODATA/RDA Research Data Science Schools for Low and Middle Income Countries
"Training, Stewardship, and Data Management Planning",CURE-FAIR WG
"Training, Stewardship, and Data Management Planning",Discipline-specific Guidance for Data Management Plans WG
"Training, Stewardship, and Data Management Planning",Early Career and Engagement IG
"Training, Stewardship, and Data Management Planning",Engaging Researchers with Data IG
"Training, Stewardship, and Data Management Planning",Exposing Data Management Plans WG
"Training, Stewardship, and Data Management Planning",FAIR Data Maturity Model WG
"Training, Stewardship, and Data Management Planning","FAIRsharing Registry: Connecting data policies, standards and databases RDA WG"
"Training, Stewardship, and Data Management Planning",Libraries for Research Data IG
"Training, Stewardship, and Data Management Planning",Professionalising Data Stewardship IG
"Training, Stewardship, and Data Management Planning",Psychological Data Community of Practice
"Training, Stewardship, and Data Management Planning",RDA Privacy Implications of Research Data Sets IG
"Training, Stewardship, and Data Management Planning",RDA/CODATA Summer Schools in Data Science and Cloud Computing in the Developing World WG
"Training, Stewardship, and Data Management Planning",Research Data Management in Engineering IG
"Training, Stewardship, and Data Management Planning",Skills and training curriculums to support FAIR research software IG
"Semantics, Ontology, Standardisation",Agrisemantics WG
"Semantics, Ontology, Standardisation",Blockchain Applications in Health WG
"Semantics, Ontology, Standardisation",Brokering Framework Working Group
"Semantics, Ontology, Standardisation",Chemistry Research Data IG
"Semantics, Ontology, Standardisation",Data Granularity WG
"Semantics, Ontology, Standardisation",Data policy standardisation and implementation IG
"Semantics, Ontology, Standardisation","Earth, Space, and Environmental Science Complex Citations Working Group"
"Semantics, Ontology, Standardisation","FAIRsharing Registry: Connecting data policies, standards and databases RDA WG"
"Semantics, Ontology, Standardisation",FAIR for Machine Learning (FAIR4ML) IG
"Semantics, Ontology, Standardisation",Health Data Interest Group
"Semantics, Ontology, Standardisation",InteroperAble Descriptions of Observable Property Terminology WG (I-ADOPT WG)
"Semantics, Ontology, Standardisation",Metadata IG
"Semantics, Ontology, Standardisation",Metadata Standards Catalog WG
"Semantics, Ontology, Standardisation",National PID Strategies WG
"Semantics, Ontology, Standardisation",Open Science Graphs for FAIR Data IG
"Semantics, Ontology, Standardisation",Preserving Scientific Annotation WG
"Semantics, Ontology, Standardisation",Research Metadata Schemas WG
"Semantics, Ontology, Standardisation",Sensitive Data Interest Group
"Semantics, Ontology, Standardisation",Social Dynamics of Data Interoperability IG
"Semantics, Ontology, Standardisation",Vocabulary Services IG
"Semantics, Ontology, Standardisation",Wheat Data Interoperability WG
"Data Lifecycles - Versioning, Provenance, Citation, and Reward",Data Citation WG
"Data Lifecycles - Versioning, Provenance, Citation, and Reward",Data Discovery Paradigms IG
"Data Lifecycles - Versioning, Provenance, Citation, and Reward",Data Granularity WG
"Data Lifecycles - Versioning, Provenance, Citation, and Reward",Data Usage Metrics WG
"Data Lifecycles - Versioning, Provenance, Citation, and Reward",Data Versioning IG
"Data Lifecycles - Versioning, Provenance, Citation, and Reward","Earth, Space, and Environmental Science Complex Citations Working Group"
"Data Lifecycles - Versioning, Provenance, Citation, and Reward",FAIR Digital Object Fabric IG
"Data Lifecycles - Versioning, Provenance, Citation, and Reward",Health Data Interest Group
"Data Lifecycles - Versioning, Provenance, Citation, and Reward",Physical Samples and Collections in the Research Data Ecosystem IG
"Data Lifecycles - Versioning, Provenance, Citation, and Reward",Professionalising Data Stewardship IG
"Data Lifecycles - Versioning, Provenance, Citation, and Reward",Repository Platforms for Research Data IG
"Data Lifecycles - Versioning, Provenance, Citation, and Reward",Sharing Rewards and Credit (SHARC) IG
"Data Lifecycles - Versioning, Provenance, Citation, and Reward",CURE-FAIR WG
"Data Lifecycles - Versioning, Provenance, Citation, and Reward",FAIR Data Maturity Model WG
Discipline Focused Data Issues,Agrisemantics WG
Discipline Focused Data Issues,Biodiversity Data Integration IG
Discipline Focused Data Issues,Capacity Development for Agriculture Data WG
Discipline Focused Data Issues,Chemistry Research Data IG
Discipline Focused Data Issues,Data Economics IG
Discipline Focused Data Issues,Discipline-specific Guidance for Data Management Plans WG
Discipline Focused Data Issues,Geospatial IG
Discipline Focused Data Issues,Global Water Information IG
Discipline Focused Data Issues,Health Data Interest Group
Discipline Focused Data Issues,Life Science Data Infrastructures IG 
Discipline Focused Data Issues,Linguistics Data IG
Discipline Focused Data Issues,Psychological Data Community of Practice
Discipline Focused Data Issues,Raising FAIRness in health data and health research performing organisations (HRPOs) WG
Discipline Focused Data Issues,RDA / TDWG Metadata Standards for attribution of physical and digital collections stewardship
Discipline Focused Data Issues,RDA COVID-19
Discipline Focused Data Issues,RDA COVID-19 Epidemiology
Discipline Focused Data Issues,RDA COVID19-Legal-Ethical
Discipline Focused Data Issues,RDA-COVID19-Clinical
Discipline Focused Data Issues,RDA-COVID19-Community-participation
Discipline Focused Data Issues,RDA-COVID19-Omics
Discipline Focused Data Issues,RDA-COVID19-Social-Sciences
Discipline Focused Data Issues,RDA-COVID19-Software
Discipline Focused Data Issues,"RDA/CODATA Materials Data, Infrastructure & Interoperability IG"
Discipline Focused Data Issues,Reproducible Health Data Services WG
Discipline Focused Data Issues,Research Data Management in Engineering IG
Discipline Focused Data Issues,Research data needs of the Photon and Neutron Science community IG
Discipline Focused Data Issues,Small Unmanned Aircraft Systems’ Data IG
Discipline Focused Data Issues,Social Science Research Data IG
Discipline Focused Data Issues,Wheat Data Interoperability WG
Discipline Focused Data Issues,Working Group on Ethical and Legal best practices for Drone Data in a global research context (WELDD)
Discipline Focused Data Issues,Working with PIDS in Tools
Research Software,FAIR Digital Object Fabric IG
Research Software,FAIR for Research Software (FAIR4RS) WG
Research Software,FAIR for Virtual Research Environments WG
Research Software,RDA-COVID19-Software
Research Software,Software Source Code IG
Research Software,Virtual Research Environment IG (VRE-IG)
Research Software,FAIR for Machine Learning (FAIR4ML) IG
